-- Morsel — seed catalog (generated by scripts/gen-seed.mjs; do not edit by hand).
-- Idempotent: safe to re-run. Loads the DC/DMV starter set.

begin;

insert into dishes (id, img, h, name, rest, hood, price, dist, walk, tag, pct, hero, hero_order, saves_week) values
  ('d01', '1565299624946-b28f40a0ae38', 1.25, 'Margherita, Blistered', 'Elder & Ash', 'Shaw', '$19', '0.4 mi', '8 min walk', 'Pizza', 96, true, 1, 122),
  ('d02', '1569718212165-3a8278d5f624', 1.3, 'Shoyu Ramen No. 4', 'Paper Lantern', 'H Street NE', '$17', '1.2 mi', 'streetcar + 4 min', 'Ramen', 93, false, null, 44),
  ('d03', '1546069901-ba9599a7e63c', 1, 'Harvest Bowl', 'Greenline', 'Navy Yard', '$15', '1.4 mi', 'Green Line, 2 stops', 'Bowls', 88, false, null, 58),
  ('d04', '1568901346375-23c9450c58cd', 1.2, 'Double Stack Smash', 'Quarter Smash', 'Penn Quarter', '$14', '0.8 mi', '15 min walk', 'Burgers', 95, true, 4, 96),
  ('d05', '1565958011703-44f9829ba187', 1.15, 'Strawberry Cloud Cake', 'Buttercream Union', 'Georgetown', '$9', '2.1 mi', '12 min ride', 'Dessert', 91, false, null, 160),
  ('d06', '1563379926898-05f4575a45d8', 0.95, 'Garlic Butter Prawns', 'Tide & Brine', 'The Wharf', '$24', '1.6 mi', '8 min ride', 'Seafood', 90, false, null, 21),
  ('d07', '1567620905732-2d1ec7ab7445', 1.25, 'Brown Butter Stack', 'Early Vote', 'Capitol Hill', '$13', '0.9 mi', '18 min walk', 'Brunch', 94, false, null, 88),
  ('d08', '1579871494447-9811cf80d66c', 0.9, 'Chef''s Nigiri Set', 'Sumi', 'Dupont Circle', '$32', '0.9 mi', 'Red Line, 1 stop', 'Sushi', 97, true, 0, 71),
  ('d09', '1504674900247-0877df9cc836', 1.1, 'Hanger Steak, Chimichurri', 'Ember Row', 'U Street', '$28', '0.6 mi', '12 min walk', 'Grill', 92, false, null, 138),
  ('d10', '1473093295043-cdd812d0e601', 1.05, 'Pomodoro, Hand-Cut', 'Elder & Ash', 'Shaw', '$18', '0.4 mi', '8 min walk', 'Pasta', 89, false, null, 33),
  ('d11', '1565557623262-b51c2513a641', 1.2, 'Lamb Biryani, Sealed', 'Dum & Dust', 'Adams Morgan', '$21', '1.0 mi', '20 min walk', 'Indian', 95, true, 2, 117),
  ('d12', '1482049016688-2d3e1b311543', 0.85, 'Six-Minute Egg Toast', 'Early Vote', 'Capitol Hill', '$11', '0.9 mi', '18 min walk', 'Brunch', 86, false, null, 55),
  ('d13', '1553621042-f6e147245754', 1, 'Rainbow Roll Flight', 'Sumi', 'Dupont Circle', '$26', '0.9 mi', 'Red Line, 1 stop', 'Sushi', 87, false, null, 79),
  ('d14', '1414235077428-338989a2e8c0', 0.8, 'Tasting Plate IV', 'Hollis', 'Logan Circle', '$38', '0.7 mi', '14 min walk', 'Fine', 90, false, null, 47),
  ('d15', '1467003909585-2f8a72700288', 1.1, 'Cedar Salmon, Dill Oil', 'Tide & Brine', 'The Wharf', '$27', '1.6 mi', '8 min ride', 'Seafood', 88, false, null, 41),
  ('d16', '1604382354936-07c5d9983bd3', 1.3, 'Nduja Honey Pie', 'Slice Theory', 'Adams Morgan', '$22', '1.0 mi', '20 min walk', 'Pizza', 94, true, 3, 212),
  ('d17', '1484723091739-30a097e8f929', 1.05, 'Brioche French Toast', 'Buttercream Union', 'Georgetown', '$14', '2.1 mi', '12 min ride', 'Brunch', 92, false, null, 74),
  ('d18', '1571091718767-18b5b1457add', 0.95, 'Late Night Combo', 'Quarter Smash', 'Penn Quarter', '$17', '0.8 mi', '15 min walk', 'Burgers', 85, false, null, 174),
  ('d19', '1512621776951-a57141f2eefd', 1.15, 'Green Goddess Bowl', 'Greenline', 'Navy Yard', '$16', '1.4 mi', 'Green Line, 2 stops', 'Bowls', 84, false, null, 24),
  ('d20', '1585937421612-70a008356fbe', 1, 'Paneer Tikka Masala', 'Dum & Dust', 'Adams Morgan', '$18', '1.0 mi', '20 min walk', 'Indian', 91, false, null, 52),
  ('d21', '1455619452474-d2be8b1e70cd', 1.2, 'Hand-Pulled Dan Dan', 'Noodle Object', 'Chinatown', '$15', '0.7 mi', '13 min walk', 'Noodles', 93, false, null, 186),
  ('d22', '1559339352-11d035aa65de', 0.9, 'Duck, Cherry Gastrique', 'Hollis', 'Logan Circle', '$34', '0.7 mi', '14 min walk', 'Fine', 89, false, null, 64),
  ('d23', '1525351484163-7529414344d8', 1.1, 'Farm Breakfast', 'Early Vote', 'Capitol Hill', '$16', '0.9 mi', '18 min walk', 'Brunch', 87, false, null, 36),
  ('d24', '1476224203421-9ac39bcb3327', 1.25, 'Soy-Cured Yolk Udon', 'Noodle Object', 'Chinatown', '$16', '0.7 mi', '13 min walk', 'Noodles', 90, false, null, 151),
  ('d25', '1550317138-10000687a72b', 0.85, 'Pepperoni Cup-n-Char', 'Slice Theory', 'Adams Morgan', '$20', '1.0 mi', '20 min walk', 'Pizza', 92, false, null, 84),
  ('d26', '1432139555190-58524dae6a55', 1, 'Garden Course', 'Hollis', 'Logan Circle', '$29', '0.7 mi', '14 min walk', 'Fine', 86, false, null, 28)
on conflict (id) do update set img=excluded.img, h=excluded.h, name=excluded.name, rest=excluded.rest, hood=excluded.hood, price=excluded.price, dist=excluded.dist, walk=excluded.walk, tag=excluded.tag, pct=excluded.pct, hero=excluded.hero, hero_order=excluded.hero_order, saves_week=excluded.saves_week;

delete from reviews;
insert into reviews (dish_id, who, img, text, sort) values
  ('d01', 'Mia', 12, 'Leopard-spotted crust, molten center. Worth the line down 8th.', 0),
  ('d01', 'Devon', 53, 'Basil goes on after the oven — you can taste it.', 1),
  ('d02', 'Iris', 47, 'Broth simmered 18 hours. The egg is jammy perfection.', 0),
  ('d02', 'Theo', 14, 'Get the extra nori. Trust me.', 1),
  ('d03', 'Suki', 32, 'The tahini drizzle does heavy lifting. Great before a Nats game.', 0),
  ('d04', 'Marco', 68, 'Crust on the patty like a steakhouse sear.', 0),
  ('d04', 'Lena', 44, 'Sauce drips down your wrist. A good sign.', 1),
  ('d05', 'Aki', 25, 'Lighter than it looks. Eat it on the canal steps.', 0),
  ('d06', 'Noor', 31, 'Bread for the sauce is non-negotiable. Sit outside if you can.', 0),
  ('d07', 'Caleb', 59, 'Maple gets warmed. Beats the Eastern Market brunch lines.', 0),
  ('d08', 'Jun', 11, 'Rice at body temperature — they care here.', 0),
  ('d08', 'Priya', 41, 'The scallop one ruined other sushi for me.', 1),
  ('d09', 'Rosa', 26, 'Pink edge to edge. Perfect before a 9:30 Club show.', 0),
  ('d10', 'Sam', 15, 'Five ingredients. Zero notes.', 0),
  ('d11', 'Farah', 38, 'They crack the pastry seal at the table. Theater.', 0),
  ('d12', 'Elle', 21, 'Simple, but the bread is the point. Staffer crowd by 9am.', 0),
  ('d13', 'Kai', 64, 'Pretty AND structurally sound.', 0),
  ('d14', 'Vera', 49, 'Came for a date, stayed for the beurre blanc.', 0),
  ('d15', 'Owen', 18, 'Skin crisps like a chip. Eat it first.', 0),
  ('d16', 'Gus', 56, 'Sweet heat. Classier than a 2am jumbo slice, same joy.', 0),
  ('d17', 'Tess', 35, 'Custardy middle, torched top. Dessert for breakfast.', 0),
  ('d18', 'Dre', 60, 'Open till 2 on weekends. Fries stay crispy to the bottom of the bag.', 0),
  ('d19', 'Yuki', 29, 'Actually filling, which is rare for this genre.', 0),
  ('d20', 'Anya', 43, 'Smoke from the tandoor comes through.', 0),
  ('d21', 'Wen', 22, 'Numbing, tingly, perfect. Order the cucumbers too.', 0),
  ('d22', 'Remy', 51, 'Cooked rosy. Sauce belongs in a Smithsonian.', 0),
  ('d23', 'Bo', 13, 'Eggs from a Shenandoah farm they name on the menu.', 0),
  ('d24', 'Hana', 36, 'Break the yolk, toss fast, thank me later.', 0),
  ('d25', 'Nico', 66, 'Little grease cups of joy.', 0),
  ('d26', 'Isla', 40, 'Vegetables treated like the main event.', 0);

insert into cuisines (key, label, img, sort) values
  ('pizza', 'Pizza', '1565299624946-b28f40a0ae38', 0),
  ('sushi', 'Sushi', '1579871494447-9811cf80d66c', 1),
  ('noodles', 'Noodles', '1569718212165-3a8278d5f624', 2),
  ('brunch', 'Brunch', '1567620905732-2d1ec7ab7445', 3),
  ('burgers', 'Burgers', '1568901346375-23c9450c58cd', 4),
  ('indian', 'Indian', '1565557623262-b51c2513a641', 5),
  ('seafood', 'Seafood', '1563379926898-05f4575a45d8', 6),
  ('dessert', 'Dessert', '1565958011703-44f9829ba187', 7),
  ('bowls', 'Bowls', '1546069901-ba9599a7e63c', 8),
  ('fine', 'Fine', '1414235077428-338989a2e8c0', 9),
  ('grill', 'Grill', '1504674900247-0877df9cc836', 10),
  ('pasta', 'Pasta', '1473093295043-cdd812d0e601', 11)
on conflict (key) do update set label=excluded.label, img=excluded.img, sort=excluded.sort;

insert into collections (id, name, sort) values
  ('c1', 'Date night', 0),
  ('c2', 'Cheap eats', 1),
  ('c3', 'Hill brunch', 2)
on conflict (id) do update set name=excluded.name, sort=excluded.sort;

delete from collection_dishes;
insert into collection_dishes (collection_id, dish_id, sort) values
  ('c1', 'd14', 0),
  ('c1', 'd22', 1),
  ('c1', 'd08', 2),
  ('c1', 'd26', 3),
  ('c2', 'd12', 0),
  ('c2', 'd04', 1),
  ('c2', 'd21', 2),
  ('c2', 'd25', 3),
  ('c3', 'd07', 0),
  ('c3', 'd17', 1),
  ('c3', 'd23', 2),
  ('c3', 'd12', 3);

commit;
